Algorithm,R2
ANN,0.9997993141893345
XGB,0.9983919216439612
RF,0.9972528819994854
DT,0.9920295229870547
